"PÉRIODE DE RÉFÉRENCE";"GÉO";"DGUID";"Estimations de logement";"Type d'unité";"UNITÉ DE MESURE";"IDENTIFICATEUR D'UNITÉ DE MESURE";"FACTEUR SCALAIRE";"IDENTIFICATEUR SCALAIRE";"VECTEUR";"COORDONNÉES";"VALEUR";"STATUS";"SYMBOLE";"TERMINÉ";"DÉCIMALES"
"2005";"Grandes régions urbaines";"";"Logements mis en chantier";"Total d'unités";"Unités";"300";"unités";"0";"v730735";"1.1.1";"19304";"";"";"";"0"
"2006";"Grandes régions urbaines";"";"Logements mis en chantier";"Total d'unités";"Unités";"300";"unités";"0";"v730735";"1.1.1";"19235";"";"";"";"0"
"2007";"Grandes régions urbaines";"";"Logements mis en chantier";"Total d'unités";"Unités";"300";"unités";"0";"v730735";"1.1.1";"15469";"";"";"";"0"
"2008";"Grandes régions urbaines";"";"Logements mis en chantier";"Total d'unités";"Unités";"300";"unités";"0";"v730735";"1.1.1";"11855";"";"";"";"0"
"2009";"Grandes régions urbaines";"";"Logements mis en chantier";"Total d'unités";"Unités";"300";"unités";"0";"v730735";"1.1.1";"9492";"";"";"";"0"
"2010";"Grandes régions urbaines";"";"Logements mis en chantier";"Total d'unités";"Unités";"300";"unités";"0";"v730735";"1.1.1";"11184";"";"";"";"0"
"2011";"Grandes régions urbaines";"";"Logements mis en chantier";"Total d'unités";"Unités";"300";"unités";"0";"v730735";"1.1.1";"10090";"";"";"";"0"
"2012";"Grandes régions urbaines";"";"Logements mis en chantier";"Total d'unités";"Unités";"300";"unités";"0";"v730735";"1.1.1";"9998";"";"";"";"0"
"2013";"Grandes régions urbaines";"";"Logements mis en chantier";"Total d'unités";"Unités";"300";"unités";"0";"v730735";"1.1.1";"10427";"";"";"";"0"
"2014";"Grandes régions urbaines";"";"Logements mis en chantier";"Total d'unités";"Unités";"300";"unités";"0";"v730735";"1.1.1";"10195";"";"";"";"0"
"2015";"Grandes régions urbaines";"";"Logements mis en chantier";"Total d'unités";"Unités";"300";"unités";"0";"v730735";"1.1.1";"9584";"";"";"";"0"
"2016";"Grandes régions urbaines";"";"Logements mis en chantier";"Total d'unités";"Unités";"300";"unités";"0";"v730735";"1.1.1";"10195";"";"";"";"0"
"2017";"Grandes régions urbaines";"";"Logements mis en chantier";"Total d'unités";"Unités";"300";"unités";"0";"v730735";"1.1.1";"11819";"";"";"";"0"
"2018";"Grandes régions urbaines";"";"Logements mis en chantier";"Total d'unités";"Unités";"300";"unités";"0";"v730735";"1.1.1";"12209";"";"";"";"0"
"2019";"Grandes régions urbaines";"";"Logements mis en chantier";"Total d'unités";"Unités";"300";"unités";"0";"v730735";"1.1.1";"11809";"";"";"";"0"
"2020";"Grandes régions urbaines";"";"Logements mis en chantier";"Total d'unités";"Unités";"300";"unités";"0";"v730735";"1.1.1";"11512";"";"";"";"0"
"2021";"Grandes régions urbaines";"";"Logements mis en chantier";"Total d'unités";"Unités";"300";"unités";"0";"v730735";"1.1.1";"14150";"";"";"";"0"
"2022";"Grandes régions urbaines";"";"Logements mis en chantier";"Total d'unités";"Unités";"300";"unités";"0";"v730735";"1.1.1";"14376";"";"";"";"0"
"2023";"Grandes régions urbaines";"";"Logements mis en chantier";"Total d'unités";"Unités";"300";"unités";"0";"v730735";"1.1.1";"9353";"";"";"";"0"
"2005";"Grandes régions urbaines";"";"Logements mis en chantier";"Maisons individuelles";"Unités";"300";"unités";"0";"v730784";"1.1.2";"12189";"";"";"";"0"
"2006";"Grandes régions urbaines";"";"Logements mis en chantier";"Maisons individuelles";"Unités";"300";"unités";"0";"v730784";"1.1.2";"11827";"";"";"";"0"
"2007";"Grandes régions urbaines";"";"Logements mis en chantier";"Maisons individuelles";"Unités";"300";"unités";"0";"v730784";"1.1.2";"9006";"";"";"";"0"
"2008";"Grandes régions urbaines";"";"Logements mis en chantier";"Maisons individuelles";"Unités";"300";"unités";"0";"v730784";"1.1.2";"7047";"";"";"";"0"
"2009";"Grandes régions urbaines";"";"Logements mis en chantier";"Maisons individuelles";"Unités";"300";"unités";"0";"v730784";"1.1.2";"5393";"";"";"";"0"
"2010";"Grandes régions urbaines";"";"Logements mis en chantier";"Maisons individuelles";"Unités";"300";"unités";"0";"v730784";"1.1.2";"6899";"";"";"";"0"
"2011";"Grandes régions urbaines";"";"Logements mis en chantier";"Maisons individuelles";"Unités";"300";"unités";"0";"v730784";"1.1.2";"5707";"";"";"";"0"
"2012";"Grandes régions urbaines";"";"Logements mis en chantier";"Maisons individuelles";"Unités";"300";"unités";"0";"v730784";"1.1.2";"5897";"";"";"";"0"
"2013";"Grandes régions urbaines";"";"Logements mis en chantier";"Maisons individuelles";"Unités";"300";"unités";"0";"v730784";"1.1.2";"5587";"";"";"";"0"
"2014";"Grandes régions urbaines";"";"Logements mis en chantier";"Maisons individuelles";"Unités";"300";"unités";"0";"v730784";"1.1.2";"5663";"";"";"";"0"
"2015";"Grandes régions urbaines";"";"Logements mis en chantier";"Maisons individuelles";"Unités";"300";"unités";"0";"v730784";"1.1.2";"4884";"";"";"";"0"
"2016";"Grandes régions urbaines";"";"Logements mis en chantier";"Maisons individuelles";"Unités";"300";"unités";"0";"v730784";"1.1.2";"5102";"";"";"";"0"
"2017";"Grandes régions urbaines";"";"Logements mis en chantier";"Maisons individuelles";"Unités";"300";"unités";"0";"v730784";"1.1.2";"6703";"";"";"";"0"
"2018";"Grandes régions urbaines";"";"Logements mis en chantier";"Maisons individuelles";"Unités";"300";"unités";"0";"v730784";"1.1.2";"5071";"";"";"";"0"
"2019";"Grandes régions urbaines";"";"Logements mis en chantier";"Maisons individuelles";"Unités";"300";"unités";"0";"v730784";"1.1.2";"4611";"";"";"";"0"
"2020";"Grandes régions urbaines";"";"Logements mis en chantier";"Maisons individuelles";"Unités";"300";"unités";"0";"v730784";"1.1.2";"4430";"";"";"";"0"
"2021";"Grandes régions urbaines";"";"Logements mis en chantier";"Maisons individuelles";"Unités";"300";"unités";"0";"v730784";"1.1.2";"6112";"";"";"";"0"
"2022";"Grandes régions urbaines";"";"Logements mis en chantier";"Maisons individuelles";"Unités";"300";"unités";"0";"v730784";"1.1.2";"4945";"";"";"";"0"
"2023";"Grandes régions urbaines";"";"Logements mis en chantier";"Maisons individuelles";"Unités";"300";"unités";"0";"v730784";"1.1.2";"3474";"";"";"";"0"
"2005";"Grandes régions urbaines";"";"Logements mis en chantier";"Logements jumelés";"Unités";"300";"unités";"0";"v730832";"1.1.3";"1577";"";"";"";"0"
"2006";"Grandes régions urbaines";"";"Logements mis en chantier";"Logements jumelés";"Unités";"300";"unités";"0";"v730832";"1.1.3";"1717";"";"";"";"0"
"2007";"Grandes régions urbaines";"";"Logements mis en chantier";"Logements jumelés";"Unités";"300";"unités";"0";"v730832";"1.1.3";"1200";"";"";"";"0"
"2008";"Grandes régions urbaines";"";"Logements mis en chantier";"Logements jumelés";"Unités";"300";"unités";"0";"v730832";"1.1.3";"944";"";"";"";"0"
"2009";"Grandes régions urbaines";"";"Logements mis en chantier";"Logements jumelés";"Unités";"300";"unités";"0";"v730832";"1.1.3";"822";"";"";"";"0"
"2010";"Grandes régions urbaines";"";"Logements mis en chantier";"Logements jumelés";"Unités";"300";"unités";"0";"v730832";"1.1.3";"986";"";"";"";"0"
"2011";"Grandes régions urbaines";"";"Logements mis en chantier";"Logements jumelés";"Unités";"300";"unités";"0";"v730832";"1.1.3";"801";"";"";"";"0"
"2012";"Grandes régions urbaines";"";"Logements mis en chantier";"Logements jumelés";"Unités";"300";"unités";"0";"v730832";"1.1.3";"945";"";"";"";"0"
"2013";"Grandes régions urbaines";"";"Logements mis en chantier";"Logements jumelés";"Unités";"300";"unités";"0";"v730832";"1.1.3";"914";"";"";"";"0"
"2014";"Grandes régions urbaines";"";"Logements mis en chantier";"Logements jumelés";"Unités";"300";"unités";"0";"v730832";"1.1.3";"898";"";"";"";"0"
"2015";"Grandes régions urbaines";"";"Logements mis en chantier";"Logements jumelés";"Unités";"300";"unités";"0";"v730832";"1.1.3";"838";"";"";"";"0"
"2016";"Grandes régions urbaines";"";"Logements mis en chantier";"Logements jumelés";"Unités";"300";"unités";"0";"v730832";"1.1.3";"932";"";"";"";"0"
"2017";"Grandes régions urbaines";"";"Logements mis en chantier";"Logements jumelés";"Unités";"300";"unités";"0";"v730832";"1.1.3";"1093";"";"";"";"0"
"2018";"Grandes régions urbaines";"";"Logements mis en chantier";"Logements jumelés";"Unités";"300";"unités";"0";"v730832";"1.1.3";"942";"";"";"";"0"
"2019";"Grandes régions urbaines";"";"Logements mis en chantier";"Logements jumelés";"Unités";"300";"unités";"0";"v730832";"1.1.3";"881";"";"";"";"0"
"2020";"Grandes régions urbaines";"";"Logements mis en chantier";"Logements jumelés";"Unités";"300";"unités";"0";"v730832";"1.1.3";"868";"";"";"";"0"
"2021";"Grandes régions urbaines";"";"Logements mis en chantier";"Logements jumelés";"Unités";"300";"unités";"0";"v730832";"1.1.3";"1149";"";"";"";"0"
"2022";"Grandes régions urbaines";"";"Logements mis en chantier";"Logements jumelés";"Unités";"300";"unités";"0";"v730832";"1.1.3";"916";"";"";"";"0"
"2023";"Grandes régions urbaines";"";"Logements mis en chantier";"Logements jumelés";"Unités";"300";"unités";"0";"v730832";"1.1.3";"731";"";"";"";"0"
"2005";"Grandes régions urbaines";"";"Logements mis en chantier";"Logements en bande";"Unités";"300";"unités";"0";"v730880";"1.1.4";"1986";"";"";"";"0"
"2006";"Grandes régions urbaines";"";"Logements mis en chantier";"Logements en bande";"Unités";"300";"unités";"0";"v730880";"1.1.4";"1891";"";"";"";"0"
"2007";"Grandes régions urbaines";"";"Logements mis en chantier";"Logements en bande";"Unités";"300";"unités";"0";"v730880";"1.1.4";"1173";"";"";"";"0"
"2008";"Grandes régions urbaines";"";"Logements mis en chantier";"Logements en bande";"Unités";"300";"unités";"0";"v730880";"1.1.4";"899";"";"";"";"0"
"2009";"Grandes régions urbaines";"";"Logements mis en chantier";"Logements en bande";"Unités";"300";"unités";"0";"v730880";"1.1.4";"741";"";"";"";"0"
"2010";"Grandes régions urbaines";"";"Logements mis en chantier";"Logements en bande";"Unités";"300";"unités";"0";"v730880";"1.1.4";"735";"";"";"";"0"
"2011";"Grandes régions urbaines";"";"Logements mis en chantier";"Logements en bande";"Unités";"300";"unités";"0";"v730880";"1.1.4";"688";"";"";"";"0"
"2012";"Grandes régions urbaines";"";"Logements mis en chantier";"Logements en bande";"Unités";"300";"unités";"0";"v730880";"1.1.4";"710";"";"";"";"0"
"2013";"Grandes régions urbaines";"";"Logements mis en chantier";"Logements en bande";"Unités";"300";"unités";"0";"v730880";"1.1.4";"961";"";"";"";"0"
"2014";"Grandes régions urbaines";"";"Logements mis en chantier";"Logements en bande";"Unités";"300";"unités";"0";"v730880";"1.1.4";"926";"";"";"";"0"
"2015";"Grandes régions urbaines";"";"Logements mis en chantier";"Logements en bande";"Unités";"300";"unités";"0";"v730880";"1.1.4";"947";"";"";"";"0"
"2016";"Grandes régions urbaines";"";"Logements mis en chantier";"Logements en bande";"Unités";"300";"unités";"0";"v730880";"1.1.4";"1017";"";"";"";"0"
"2017";"Grandes régions urbaines";"";"Logements mis en chantier";"Logements en bande";"Unités";"300";"unités";"0";"v730880";"1.1.4";"1346";"";"";"";"0"
"2018";"Grandes régions urbaines";"";"Logements mis en chantier";"Logements en bande";"Unités";"300";"unités";"0";"v730880";"1.1.4";"1198";"";"";"";"0"
"2019";"Grandes régions urbaines";"";"Logements mis en chantier";"Logements en bande";"Unités";"300";"unités";"0";"v730880";"1.1.4";"1066";"";"";"";"0"
"2020";"Grandes régions urbaines";"";"Logements mis en chantier";"Logements en bande";"Unités";"300";"unités";"0";"v730880";"1.1.4";"919";"";"";"";"0"
"2021";"Grandes régions urbaines";"";"Logements mis en chantier";"Logements en bande";"Unités";"300";"unités";"0";"v730880";"1.1.4";"1222";"";"";"";"0"
"2022";"Grandes régions urbaines";"";"Logements mis en chantier";"Logements en bande";"Unités";"300";"unités";"0";"v730880";"1.1.4";"1582";"";"";"";"0"
"2023";"Grandes régions urbaines";"";"Logements mis en chantier";"Logements en bande";"Unités";"300";"unités";"0";"v730880";"1.1.4";"936";"";"";"";"0"
"2005";"Grandes régions urbaines";"";"Logements mis en chantier";"Appartements et autres logements";"Unités";"300";"unités";"0";"v730928";"1.1.5";"3552";"";"";"";"0"
"2006";"Grandes régions urbaines";"";"Logements mis en chantier";"Appartements et autres logements";"Unités";"300";"unités";"0";"v730928";"1.1.5";"3800";"";"";"";"0"
"2007";"Grandes régions urbaines";"";"Logements mis en chantier";"Appartements et autres logements";"Unités";"300";"unités";"0";"v730928";"1.1.5";"4090";"";"";"";"0"
"2008";"Grandes régions urbaines";"";"Logements mis en chantier";"Appartements et autres logements";"Unités";"300";"unités";"0";"v730928";"1.1.5";"2965";"";"";"";"0"
"2009";"Grandes régions urbaines";"";"Logements mis en chantier";"Appartements et autres logements";"Unités";"300";"unités";"0";"v730928";"1.1.5";"2536";"";"";"";"0"
"2010";"Grandes régions urbaines";"";"Logements mis en chantier";"Appartements et autres logements";"Unités";"300";"unités";"0";"v730928";"1.1.5";"2564";"";"";"";"0"
"2011";"Grandes régions urbaines";"";"Logements mis en chantier";"Appartements et autres logements";"Unités";"300";"unités";"0";"v730928";"1.1.5";"2894";"";"";"";"0"
"2012";"Grandes régions urbaines";"";"Logements mis en chantier";"Appartements et autres logements";"Unités";"300";"unités";"0";"v730928";"1.1.5";"2446";"";"";"";"0"
"2013";"Grandes régions urbaines";"";"Logements mis en chantier";"Appartements et autres logements";"Unités";"300";"unités";"0";"v730928";"1.1.5";"2965";"";"";"";"0"
"2014";"Grandes régions urbaines";"";"Logements mis en chantier";"Appartements et autres logements";"Unités";"300";"unités";"0";"v730928";"1.1.5";"2708";"";"";"";"0"
"2015";"Grandes régions urbaines";"";"Logements mis en chantier";"Appartements et autres logements";"Unités";"300";"unités";"0";"v730928";"1.1.5";"2915";"";"";"";"0"
"2016";"Grandes régions urbaines";"";"Logements mis en chantier";"Appartements et autres logements";"Unités";"300";"unités";"0";"v730928";"1.1.5";"3144";"";"";"";"0"
"2017";"Grandes régions urbaines";"";"Logements mis en chantier";"Appartements et autres logements";"Unités";"300";"unités";"0";"v730928";"1.1.5";"2677";"";"";"";"0"
"2018";"Grandes régions urbaines";"";"Logements mis en chantier";"Appartements et autres logements";"Unités";"300";"unités";"0";"v730928";"1.1.5";"4998";"";"";"";"0"
"2019";"Grandes régions urbaines";"";"Logements mis en chantier";"Appartements et autres logements";"Unités";"300";"unités";"0";"v730928";"1.1.5";"5251";"";"";"";"0"
"2020";"Grandes régions urbaines";"";"Logements mis en chantier";"Appartements et autres logements";"Unités";"300";"unités";"0";"v730928";"1.1.5";"5295";"";"";"";"0"
"2021";"Grandes régions urbaines";"";"Logements mis en chantier";"Appartements et autres logements";"Unités";"300";"unités";"0";"v730928";"1.1.5";"5667";"";"";"";"0"
"2022";"Grandes régions urbaines";"";"Logements mis en chantier";"Appartements et autres logements";"Unités";"300";"unités";"0";"v730928";"1.1.5";"6933";"";"";"";"0"
"2023";"Grandes régions urbaines";"";"Logements mis en chantier";"Appartements et autres logements";"Unités";"300";"unités";"0";"v730928";"1.1.5";"4212";"";"";"";"0"
"2005";"Grandes régions urbaines";"";"Logements en construction";"Total d'unités";"Unités";"300";"unités";"0";"v731670";"1.2.1";"11501";"";"";"";"0"
"2006";"Grandes régions urbaines";"";"Logements en construction";"Total d'unités";"Unités";"300";"unités";"0";"v731670";"1.2.1";"12238";"";"";"";"0"
"2007";"Grandes régions urbaines";"";"Logements en construction";"Total d'unités";"Unités";"300";"unités";"0";"v731670";"1.2.1";"9950";"";"";"";"0"
"2008";"Grandes régions urbaines";"";"Logements en construction";"Total d'unités";"Unités";"300";"unités";"0";"v731670";"1.2.1";"8293";"";"";"";"0"
"2009";"Grandes régions urbaines";"";"Logements en construction";"Total d'unités";"Unités";"300";"unités";"0";"v731670";"1.2.1";"7272";"";"";"";"0"
"2010";"Grandes régions urbaines";"";"Logements en construction";"Total d'unités";"Unités";"300";"unités";"0";"v731670";"1.2.1";"7983";"";"";"";"0"
"2011";"Grandes régions urbaines";"";"Logements en construction";"Total d'unités";"Unités";"300";"unités";"0";"v731670";"1.2.1";"7381";"";"";"";"0"
"2012";"Grandes régions urbaines";"";"Logements en construction";"Total d'unités";"Unités";"300";"unités";"0";"v731670";"1.2.1";"7398";"";"";"";"0"
"2013";"Grandes régions urbaines";"";"Logements en construction";"Total d'unités";"Unités";"300";"unités";"0";"v731670";"1.2.1";"8158";"";"";"";"0"
"2014";"Grandes régions urbaines";"";"Logements en construction";"Total d'unités";"Unités";"300";"unités";"0";"v731670";"1.2.1";"7922";"";"";"";"0"
"2015";"Grandes régions urbaines";"";"Logements en construction";"Total d'unités";"Unités";"300";"unités";"0";"v731670";"1.2.1";"7715";"";"";"";"0"
"2016";"Grandes régions urbaines";"";"Logements en construction";"Total d'unités";"Unités";"300";"unités";"0";"v731670";"1.2.1";"7856";"";"";"";"0"
"2017";"Grandes régions urbaines";"";"Logements en construction";"Total d'unités";"Unités";"300";"unités";"0";"v731670";"1.2.1";"9733";"";"";"";"0"
"2018";"Grandes régions urbaines";"";"Logements en construction";"Total d'unités";"Unités";"300";"unités";"0";"v731670";"1.2.1";"10789";"";"";"";"0"
"2019";"Grandes régions urbaines";"";"Logements en construction";"Total d'unités";"Unités";"300";"unités";"0";"v731670";"1.2.1";"10945";"";"";"";"0"
"2020";"Grandes régions urbaines";"";"Logements en construction";"Total d'unités";"Unités";"300";"unités";"0";"v731670";"1.2.1";"11159";"";"";"";"0"
"2021";"Grandes régions urbaines";"";"Logements en construction";"Total d'unités";"Unités";"300";"unités";"0";"v731670";"1.2.1";"13056";"";"";"";"0"
"2022";"Grandes régions urbaines";"";"Logements en construction";"Total d'unités";"Unités";"300";"unités";"0";"v731670";"1.2.1";"14256";"";"";"";"0"
"2005";"Grandes régions urbaines";"";"Logements en construction";"Maisons individuelles";"Unités";"300";"unités";"0";"v731719";"1.2.2";"5062";"";"";"";"0"
"2006";"Grandes régions urbaines";"";"Logements en construction";"Maisons individuelles";"Unités";"300";"unités";"0";"v731719";"1.2.2";"5568";"";"";"";"0"
"2007";"Grandes régions urbaines";"";"Logements en construction";"Maisons individuelles";"Unités";"300";"unités";"0";"v731719";"1.2.2";"4916";"";"";"";"0"
"2008";"Grandes régions urbaines";"";"Logements en construction";"Maisons individuelles";"Unités";"300";"unités";"0";"v731719";"1.2.2";"4030";"";"";"";"0"
"2009";"Grandes régions urbaines";"";"Logements en construction";"Maisons individuelles";"Unités";"300";"unités";"0";"v731719";"1.2.2";"3408";"";"";"";"0"
"2010";"Grandes régions urbaines";"";"Logements en construction";"Maisons individuelles";"Unités";"300";"unités";"0";"v731719";"1.2.2";"3631";"";"";"";"0"
"2011";"Grandes régions urbaines";"";"Logements en construction";"Maisons individuelles";"Unités";"300";"unités";"0";"v731719";"1.2.2";"3406";"";"";"";"0"
"2012";"Grandes régions urbaines";"";"Logements en construction";"Maisons individuelles";"Unités";"300";"unités";"0";"v731719";"1.2.2";"3487";"";"";"";"0"
"2013";"Grandes régions urbaines";"";"Logements en construction";"Maisons individuelles";"Unités";"300";"unités";"0";"v731719";"1.2.2";"3431";"";"";"";"0"
"2014";"Grandes régions urbaines";"";"Logements en construction";"Maisons individuelles";"Unités";"300";"unités";"0";"v731719";"1.2.2";"3677";"";"";"";"0"
"2015";"Grandes régions urbaines";"";"Logements en construction";"Maisons individuelles";"Unités";"300";"unités";"0";"v731719";"1.2.2";"3115";"";"";"";"0"
"2016";"Grandes régions urbaines";"";"Logements en construction";"Maisons individuelles";"Unités";"300";"unités";"0";"v731719";"1.2.2";"3360";"";"";"";"0"
"2017";"Grandes régions urbaines";"";"Logements en construction";"Maisons individuelles";"Unités";"300";"unités";"0";"v731719";"1.2.2";"4320";"";"";"";"0"
"2018";"Grandes régions urbaines";"";"Logements en construction";"Maisons individuelles";"Unités";"300";"unités";"0";"v731719";"1.2.2";"3498";"";"";"";"0"
"2019";"Grandes régions urbaines";"";"Logements en construction";"Maisons individuelles";"Unités";"300";"unités";"0";"v731719";"1.2.2";"3222";"";"";"";"0"
"2020";"Grandes régions urbaines";"";"Logements en construction";"Maisons individuelles";"Unités";"300";"unités";"0";"v731719";"1.2.2";"3059";"";"";"";"0"
"2021";"Grandes régions urbaines";"";"Logements en construction";"Maisons individuelles";"Unités";"300";"unités";"0";"v731719";"1.2.2";"3933";"";"";"";"0"
"2022";"Grandes régions urbaines";"";"Logements en construction";"Maisons individuelles";"Unités";"300";"unités";"0";"v731719";"1.2.2";"3826";"";"";"";"0"
"2005";"Grandes régions urbaines";"";"Logements en construction";"Logements jumelés";"Unités";"300";"unités";"0";"v731767";"1.2.3";"792";"";"";"";"0"
"2006";"Grandes régions urbaines";"";"Logements en construction";"Logements jumelés";"Unités";"300";"unités";"0";"v731767";"1.2.3";"960";"";"";"";"0"
"2007";"Grandes régions urbaines";"";"Logements en construction";"Logements jumelés";"Unités";"300";"unités";"0";"v731767";"1.2.3";"789";"";"";"";"0"
"2008";"Grandes régions urbaines";"";"Logements en construction";"Logements jumelés";"Unités";"300";"unités";"0";"v731767";"1.2.3";"672";"";"";"";"0"
"2009";"Grandes régions urbaines";"";"Logements en construction";"Logements jumelés";"Unités";"300";"unités";"0";"v731767";"1.2.3";"612";"";"";"";"0"
"2010";"Grandes régions urbaines";"";"Logements en construction";"Logements jumelés";"Unités";"300";"unités";"0";"v731767";"1.2.3";"580";"";"";"";"0"
"2011";"Grandes régions urbaines";"";"Logements en construction";"Logements jumelés";"Unités";"300";"unités";"0";"v731767";"1.2.3";"518";"";"";"";"0"
"2012";"Grandes régions urbaines";"";"Logements en construction";"Logements jumelés";"Unités";"300";"unités";"0";"v731767";"1.2.3";"615";"";"";"";"0"
"2013";"Grandes régions urbaines";"";"Logements en construction";"Logements jumelés";"Unités";"300";"unités";"0";"v731767";"1.2.3";"555";"";"";"";"0"
"2014";"Grandes régions urbaines";"";"Logements en construction";"Logements jumelés";"Unités";"300";"unités";"0";"v731767";"1.2.3";"560";"";"";"";"0"
"2015";"Grandes régions urbaines";"";"Logements en construction";"Logements jumelés";"Unités";"300";"unités";"0";"v731767";"1.2.3";"579";"";"";"";"0"
"2016";"Grandes régions urbaines";"";"Logements en construction";"Logements jumelés";"Unités";"300";"unités";"0";"v731767";"1.2.3";"646";"";"";"";"0"
"2017";"Grandes régions urbaines";"";"Logements en construction";"Logements jumelés";"Unités";"300";"unités";"0";"v731767";"1.2.3";"750";"";"";"";"0"
"2018";"Grandes régions urbaines";"";"Logements en construction";"Logements jumelés";"Unités";"300";"unités";"0";"v731767";"1.2.3";"632";"";"";"";"0"
"2019";"Grandes régions urbaines";"";"Logements en construction";"Logements jumelés";"Unités";"300";"unités";"0";"v731767";"1.2.3";"588";"";"";"";"0"
"2020";"Grandes régions urbaines";"";"Logements en construction";"Logements jumelés";"Unités";"300";"unités";"0";"v731767";"1.2.3";"578";"";"";"";"0"
"2021";"Grandes régions urbaines";"";"Logements en construction";"Logements jumelés";"Unités";"300";"unités";"0";"v731767";"1.2.3";"690";"";"";"";"0"
"2022";"Grandes régions urbaines";"";"Logements en construction";"Logements jumelés";"Unités";"300";"unités";"0";"v731767";"1.2.3";"662";"";"";"";"0"
"2005";"Grandes régions urbaines";"";"Logements en construction";"Logements en bande";"Unités";"300";"unités";"0";"v731815";"1.2.4";"1323";"";"";"";"0"
"2006";"Grandes régions urbaines";"";"Logements en construction";"Logements en bande";"Unités";"300";"unités";"0";"v731815";"1.2.4";"1274";"";"";"";"0"
"2007";"Grandes régions urbaines";"";"Logements en construction";"Logements en bande";"Unités";"300";"unités";"0";"v731815";"1.2.4";"869";"";"";"";"0"
"2008";"Grandes régions urbaines";"";"Logements en construction";"Logements en bande";"Unités";"300";"unités";"0";"v731815";"1.2.4";"698";"";"";"";"0"
"2009";"Grandes régions urbaines";"";"Logements en construction";"Logements en bande";"Unités";"300";"unités";"0";"v731815";"1.2.4";"732";"";"";"";"0"
"2010";"Grandes régions urbaines";"";"Logements en construction";"Logements en bande";"Unités";"300";"unités";"0";"v731815";"1.2.4";"712";"";"";"";"0"
"2011";"Grandes régions urbaines";"";"Logements en construction";"Logements en bande";"Unités";"300";"unités";"0";"v731815";"1.2.4";"699";"";"";"";"0"
"2012";"Grandes régions urbaines";"";"Logements en construction";"Logements en bande";"Unités";"300";"unités";"0";"v731815";"1.2.4";"745";"";"";"";"0"
"2013";"Grandes régions urbaines";"";"Logements en construction";"Logements en bande";"Unités";"300";"unités";"0";"v731815";"1.2.4";"931";"";"";"";"0"
"2014";"Grandes régions urbaines";"";"Logements en construction";"Logements en bande";"Unités";"300";"unités";"0";"v731815";"1.2.4";"905";"";"";"";"0"
"2015";"Grandes régions urbaines";"";"Logements en construction";"Logements en bande";"Unités";"300";"unités";"0";"v731815";"1.2.4";"944";"";"";"";"0"
"2016";"Grandes régions urbaines";"";"Logements en construction";"Logements en bande";"Unités";"300";"unités";"0";"v731815";"1.2.4";"855";"";"";"";"0"
"2017";"Grandes régions urbaines";"";"Logements en construction";"Logements en bande";"Unités";"300";"unités";"0";"v731815";"1.2.4";"1390";"";"";"";"0"
"2018";"Grandes régions urbaines";"";"Logements en construction";"Logements en bande";"Unités";"300";"unités";"0";"v731815";"1.2.4";"1223";"";"";"";"0"
"2019";"Grandes régions urbaines";"";"Logements en construction";"Logements en bande";"Unités";"300";"unités";"0";"v731815";"1.2.4";"1126";"";"";"";"0"
"2020";"Grandes régions urbaines";"";"Logements en construction";"Logements en bande";"Unités";"300";"unités";"0";"v731815";"1.2.4";"1076";"";"";"";"0"
"2021";"Grandes régions urbaines";"";"Logements en construction";"Logements en bande";"Unités";"300";"unités";"0";"v731815";"1.2.4";"1178";"";"";"";"0"
"2022";"Grandes régions urbaines";"";"Logements en construction";"Logements en bande";"Unités";"300";"unités";"0";"v731815";"1.2.4";"1515";"";"";"";"0"
"2005";"Grandes régions urbaines";"";"Logements en construction";"Appartements et autres logements";"Unités";"300";"unités";"0";"v731863";"1.2.5";"4324";"";"";"";"0"
"2006";"Grandes régions urbaines";"";"Logements en construction";"Appartements et autres logements";"Unités";"300";"unités";"0";"v731863";"1.2.5";"4436";"";"";"";"0"
"2007";"Grandes régions urbaines";"";"Logements en construction";"Appartements et autres logements";"Unités";"300";"unités";"0";"v731863";"1.2.5";"3376";"";"";"";"0"
"2008";"Grandes régions urbaines";"";"Logements en construction";"Appartements et autres logements";"Unités";"300";"unités";"0";"v731863";"1.2.5";"2893";"";"";"";"0"
"2009";"Grandes régions urbaines";"";"Logements en construction";"Appartements et autres logements";"Unités";"300";"unités";"0";"v731863";"1.2.5";"2520";"";"";"";"0"
"2010";"Grandes régions urbaines";"";"Logements en construction";"Appartements et autres logements";"Unités";"300";"unités";"0";"v731863";"1.2.5";"3060";"";"";"";"0"
"2011";"Grandes régions urbaines";"";"Logements en construction";"Appartements et autres logements";"Unités";"300";"unités";"0";"v731863";"1.2.5";"2758";"";"";"";"0"
"2012";"Grandes régions urbaines";"";"Logements en construction";"Appartements et autres logements";"Unités";"300";"unités";"0";"v731863";"1.2.5";"2551";"";"";"";"0"
"2013";"Grandes régions urbaines";"";"Logements en construction";"Appartements et autres logements";"Unités";"300";"unités";"0";"v731863";"1.2.5";"3241";"";"";"";"0"
"2014";"Grandes régions urbaines";"";"Logements en construction";"Appartements et autres logements";"Unités";"300";"unités";"0";"v731863";"1.2.5";"2780";"";"";"";"0"
"2015";"Grandes régions urbaines";"";"Logements en construction";"Appartements et autres logements";"Unités";"300";"unités";"0";"v731863";"1.2.5";"3077";"";"";"";"0"
"2016";"Grandes régions urbaines";"";"Logements en construction";"Appartements et autres logements";"Unités";"300";"unités";"0";"v731863";"1.2.5";"2995";"";"";"";"0"
"2017";"Grandes régions urbaines";"";"Logements en construction";"Appartements et autres logements";"Unités";"300";"unités";"0";"v731863";"1.2.5";"3273";"";"";"";"0"
"2018";"Grandes régions urbaines";"";"Logements en construction";"Appartements et autres logements";"Unités";"300";"unités";"0";"v731863";"1.2.5";"5436";"";"";"";"0"
"2019";"Grandes régions urbaines";"";"Logements en construction";"Appartements et autres logements";"Unités";"300";"unités";"0";"v731863";"1.2.5";"6009";"";"";"";"0"
"2020";"Grandes régions urbaines";"";"Logements en construction";"Appartements et autres logements";"Unités";"300";"unités";"0";"v731863";"1.2.5";"6446";"";"";"";"0"
"2021";"Grandes régions urbaines";"";"Logements en construction";"Appartements et autres logements";"Unités";"300";"unités";"0";"v731863";"1.2.5";"7255";"";"";"";"0"
"2022";"Grandes régions urbaines";"";"Logements en construction";"Appartements et autres logements";"Unités";"300";"unités";"0";"v731863";"1.2.5";"8253";"";"";"";"0"
"2005";"Grandes régions urbaines";"";"Logements (achèvements)";"Total d'unités";"Unités";"300";"unités";"0";"v732609";"1.3.1";"17826";"";"";"";"0"
"2006";"Grandes régions urbaines";"";"Logements (achèvements)";"Total d'unités";"Unités";"300";"unités";"0";"v732609";"1.3.1";"18402";"";"";"";"0"
"2007";"Grandes régions urbaines";"";"Logements (achèvements)";"Total d'unités";"Unités";"300";"unités";"0";"v732609";"1.3.1";"13740";"";"";"";"0"
"2008";"Grandes régions urbaines";"";"Logements (achèvements)";"Total d'unités";"Unités";"300";"unités";"0";"v732609";"1.3.1";"13528";"";"";"";"0"
"2009";"Grandes régions urbaines";"";"Logements (achèvements)";"Total d'unités";"Unités";"300";"unités";"0";"v732609";"1.3.1";"10411";"";"";"";"0"
"2010";"Grandes régions urbaines";"";"Logements (achèvements)";"Total d'unités";"Unités";"300";"unités";"0";"v732609";"1.3.1";"12122";"";"";"";"0"
"2011";"Grandes régions urbaines";"";"Logements (achèvements)";"Total d'unités";"Unités";"300";"unités";"0";"v732609";"1.3.1";"10741";"";"";"";"0"
"2012";"Grandes régions urbaines";"";"Logements (achèvements)";"Total d'unités";"Unités";"300";"unités";"0";"v732609";"1.3.1";"9777";"";"";"";"0"
"2013";"Grandes régions urbaines";"";"Logements (achèvements)";"Total d'unités";"Unités";"300";"unités";"0";"v732609";"1.3.1";"10825";"";"";"";"0"
"2014";"Grandes régions urbaines";"";"Logements (achèvements)";"Total d'unités";"Unités";"300";"unités";"0";"v732609";"1.3.1";"10129";"";"";"";"0"
"2015";"Grandes régions urbaines";"";"Logements (achèvements)";"Total d'unités";"Unités";"300";"unités";"0";"v732609";"1.3.1";"9810";"";"";"";"0"
"2016";"Grandes régions urbaines";"";"Logements (achèvements)";"Total d'unités";"Unités";"300";"unités";"0";"v732609";"1.3.1";"9751";"";"";"";"0"
"2017";"Grandes régions urbaines";"";"Logements (achèvements)";"Total d'unités";"Unités";"300";"unités";"0";"v732609";"1.3.1";"9750";"";"";"";"0"
"2018";"Grandes régions urbaines";"";"Logements (achèvements)";"Total d'unités";"Unités";"300";"unités";"0";"v732609";"1.3.1";"10961";"";"";"";"0"
"2019";"Grandes régions urbaines";"";"Logements (achèvements)";"Total d'unités";"Unités";"300";"unités";"0";"v732609";"1.3.1";"11606";"";"";"";"0"
"2020";"Grandes régions urbaines";"";"Logements (achèvements)";"Total d'unités";"Unités";"300";"unités";"0";"v732609";"1.3.1";"11225";"";"";"";"0"
"2021";"Grandes régions urbaines";"";"Logements (achèvements)";"Total d'unités";"Unités";"300";"unités";"0";"v732609";"1.3.1";"12074";"";"";"";"0"
"2022";"Grandes régions urbaines";"";"Logements (achèvements)";"Total d'unités";"Unités";"300";"unités";"0";"v732609";"1.3.1";"12980";"";"";"";"0"
"2005";"Grandes régions urbaines";"";"Logements (achèvements)";"Maisons individuelles";"Unités";"300";"unités";"0";"v732658";"1.3.2";"12276";"";"";"";"0"
"2006";"Grandes régions urbaines";"";"Logements (achèvements)";"Maisons individuelles";"Unités";"300";"unités";"0";"v732658";"1.3.2";"11251";"";"";"";"0"
"2007";"Grandes régions urbaines";"";"Logements (achèvements)";"Maisons individuelles";"Unités";"300";"unités";"0";"v732658";"1.3.2";"8438";"";"";"";"0"
"2008";"Grandes régions urbaines";"";"Logements (achèvements)";"Maisons individuelles";"Unités";"300";"unités";"0";"v732658";"1.3.2";"8016";"";"";"";"0"
"2009";"Grandes régions urbaines";"";"Logements (achèvements)";"Maisons individuelles";"Unités";"300";"unités";"0";"v732658";"1.3.2";"6010";"";"";"";"0"
"2010";"Grandes régions urbaines";"";"Logements (achèvements)";"Maisons individuelles";"Unités";"300";"unités";"0";"v732658";"1.3.2";"7051";"";"";"";"0"
"2011";"Grandes régions urbaines";"";"Logements (achèvements)";"Maisons individuelles";"Unités";"300";"unités";"0";"v732658";"1.3.2";"5943";"";"";"";"0"
"2012";"Grandes régions urbaines";"";"Logements (achèvements)";"Maisons individuelles";"Unités";"300";"unités";"0";"v732658";"1.3.2";"5636";"";"";"";"0"
"2013";"Grandes régions urbaines";"";"Logements (achèvements)";"Maisons individuelles";"Unités";"300";"unités";"0";"v732658";"1.3.2";"5961";"";"";"";"0"
"2014";"Grandes régions urbaines";"";"Logements (achèvements)";"Maisons individuelles";"Unités";"300";"unités";"0";"v732658";"1.3.2";"5371";"";"";"";"0"
"2015";"Grandes régions urbaines";"";"Logements (achèvements)";"Maisons individuelles";"Unités";"300";"unités";"0";"v732658";"1.3.2";"5376";"";"";"";"0"
"2016";"Grandes régions urbaines";"";"Logements (achèvements)";"Maisons individuelles";"Unités";"300";"unités";"0";"v732658";"1.3.2";"4812";"";"";"";"0"
"2017";"Grandes régions urbaines";"";"Logements (achèvements)";"Maisons individuelles";"Unités";"300";"unités";"0";"v732658";"1.3.2";"5655";"";"";"";"0"
"2018";"Grandes régions urbaines";"";"Logements (achèvements)";"Maisons individuelles";"Unités";"300";"unités";"0";"v732658";"1.3.2";"5812";"";"";"";"0"
"2019";"Grandes régions urbaines";"";"Logements (achèvements)";"Maisons individuelles";"Unités";"300";"unités";"0";"v732658";"1.3.2";"4848";"";"";"";"0"
"2020";"Grandes régions urbaines";"";"Logements (achèvements)";"Maisons individuelles";"Unités";"300";"unités";"0";"v732658";"1.3.2";"4554";"";"";"";"0"
"2021";"Grandes régions urbaines";"";"Logements (achèvements)";"Maisons individuelles";"Unités";"300";"unités";"0";"v732658";"1.3.2";"5192";"";"";"";"0"
"2022";"Grandes régions urbaines";"";"Logements (achèvements)";"Maisons individuelles";"Unités";"300";"unités";"0";"v732658";"1.3.2";"5015";"";"";"";"0"
"2005";"Grandes régions urbaines";"";"Logements (achèvements)";"Logements jumelés";"Unités";"300";"unités";"0";"v732706";"1.3.3";"1468";"";"";"";"0"
"2006";"Grandes régions urbaines";"";"Logements (achèvements)";"Logements jumelés";"Unités";"300";"unités";"0";"v732706";"1.3.3";"1539";"";"";"";"0"
"2007";"Grandes régions urbaines";"";"Logements (achèvements)";"Logements jumelés";"Unités";"300";"unités";"0";"v732706";"1.3.3";"1139";"";"";"";"0"
"2008";"Grandes régions urbaines";"";"Logements (achèvements)";"Logements jumelés";"Unités";"300";"unités";"0";"v732706";"1.3.3";"1069";"";"";"";"0"
"2009";"Grandes régions urbaines";"";"Logements (achèvements)";"Logements jumelés";"Unités";"300";"unités";"0";"v732706";"1.3.3";"892";"";"";"";"0"
"2010";"Grandes régions urbaines";"";"Logements (achèvements)";"Logements jumelés";"Unités";"300";"unités";"0";"v732706";"1.3.3";"1065";"";"";"";"0"
"2011";"Grandes régions urbaines";"";"Logements (achèvements)";"Logements jumelés";"Unités";"300";"unités";"0";"v732706";"1.3.3";"868";"";"";"";"0"
"2012";"Grandes régions urbaines";"";"Logements (achèvements)";"Logements jumelés";"Unités";"300";"unités";"0";"v732706";"1.3.3";"860";"";"";"";"0"
"2013";"Grandes régions urbaines";"";"Logements (achèvements)";"Logements jumelés";"Unités";"300";"unités";"0";"v732706";"1.3.3";"1111";"";"";"";"0"
"2014";"Grandes régions urbaines";"";"Logements (achèvements)";"Logements jumelés";"Unités";"300";"unités";"0";"v732706";"1.3.3";"885";"";"";"";"0"
"2015";"Grandes régions urbaines";"";"Logements (achèvements)";"Logements jumelés";"Unités";"300";"unités";"0";"v732706";"1.3.3";"814";"";"";"";"0"
"2016";"Grandes régions urbaines";"";"Logements (achèvements)";"Logements jumelés";"Unités";"300";"unités";"0";"v732706";"1.3.3";"850";"";"";"";"0"
"2017";"Grandes régions urbaines";"";"Logements (achèvements)";"Logements jumelés";"Unités";"300";"unités";"0";"v732706";"1.3.3";"1000";"";"";"";"0"
"2018";"Grandes régions urbaines";"";"Logements (achèvements)";"Logements jumelés";"Unités";"300";"unités";"0";"v732706";"1.3.3";"1052";"";"";"";"0"
"2019";"Grandes régions urbaines";"";"Logements (achèvements)";"Logements jumelés";"Unités";"300";"unités";"0";"v732706";"1.3.3";"906";"";"";"";"0"
"2020";"Grandes régions urbaines";"";"Logements (achèvements)";"Logements jumelés";"Unités";"300";"unités";"0";"v732706";"1.3.3";"876";"";"";"";"0"
"2021";"Grandes régions urbaines";"";"Logements (achèvements)";"Logements jumelés";"Unités";"300";"unités";"0";"v732706";"1.3.3";"1031";"";"";"";"0"
"2022";"Grandes régions urbaines";"";"Logements (achèvements)";"Logements jumelés";"Unités";"300";"unités";"0";"v732706";"1.3.3";"959";"";"";"";"0"
"2005";"Grandes régions urbaines";"";"Logements (achèvements)";"Logements en bande";"Unités";"300";"unités";"0";"v732754";"1.3.4";"1918";"";"";"";"0"
"2006";"Grandes régions urbaines";"";"Logements (achèvements)";"Logements en bande";"Unités";"300";"unités";"0";"v732754";"1.3.4";"1937";"";"";"";"0"
"2007";"Grandes régions urbaines";"";"Logements (achèvements)";"Logements en bande";"Unités";"300";"unités";"0";"v732754";"1.3.4";"1012";"";"";"";"0"
"2008";"Grandes régions urbaines";"";"Logements (achèvements)";"Logements en bande";"Unités";"300";"unités";"0";"v732754";"1.3.4";"1050";"";"";"";"0"
"2009";"Grandes régions urbaines";"";"Logements (achèvements)";"Logements en bande";"Unités";"300";"unités";"0";"v732754";"1.3.4";"618";"";"";"";"0"
"2010";"Grandes régions urbaines";"";"Logements (achèvements)";"Logements en bande";"Unités";"300";"unités";"0";"v732754";"1.3.4";"1035";"";"";"";"0"
"2011";"Grandes régions urbaines";"";"Logements (achèvements)";"Logements en bande";"Unités";"300";"unités";"0";"v732754";"1.3.4";"657";"";"";"";"0"
"2012";"Grandes régions urbaines";"";"Logements (achèvements)";"Logements en bande";"Unités";"300";"unités";"0";"v732754";"1.3.4";"685";"";"";"";"0"
"2013";"Grandes régions urbaines";"";"Logements (achèvements)";"Logements en bande";"Unités";"300";"unités";"0";"v732754";"1.3.4";"922";"";"";"";"0"
"2014";"Grandes régions urbaines";"";"Logements (achèvements)";"Logements en bande";"Unités";"300";"unités";"0";"v732754";"1.3.4";"957";"";"";"";"0"
"2015";"Grandes régions urbaines";"";"Logements (achèvements)";"Logements en bande";"Unités";"300";"unités";"0";"v732754";"1.3.4";"954";"";"";"";"0"
"2016";"Grandes régions urbaines";"";"Logements (achèvements)";"Logements en bande";"Unités";"300";"unités";"0";"v732754";"1.3.4";"1127";"";"";"";"0"
"2017";"Grandes régions urbaines";"";"Logements (achèvements)";"Logements en bande";"Unités";"300";"unités";"0";"v732754";"1.3.4";"809";"";"";"";"0"
"2018";"Grandes régions urbaines";"";"Logements (achèvements)";"Logements en bande";"Unités";"300";"unités";"0";"v732754";"1.3.4";"1272";"";"";"";"0"
"2019";"Grandes régions urbaines";"";"Logements (achèvements)";"Logements en bande";"Unités";"300";"unités";"0";"v732754";"1.3.4";"1307";"";"";"";"0"
"2020";"Grandes régions urbaines";"";"Logements (achèvements)";"Logements en bande";"Unités";"300";"unités";"0";"v732754";"1.3.4";"920";"";"";"";"0"
"2021";"Grandes régions urbaines";"";"Logements (achèvements)";"Logements en bande";"Unités";"300";"unités";"0";"v732754";"1.3.4";"1115";"";"";"";"0"
"2022";"Grandes régions urbaines";"";"Logements (achèvements)";"Logements en bande";"Unités";"300";"unités";"0";"v732754";"1.3.4";"1183";"";"";"";"0"
"2005";"Grandes régions urbaines";"";"Logements (achèvements)";"Appartements et autres logements";"Unités";"300";"unités";"0";"v732802";"1.3.5";"2164";"";"";"";"0"
"2006";"Grandes régions urbaines";"";"Logements (achèvements)";"Appartements et autres logements";"Unités";"300";"unités";"0";"v732802";"1.3.5";"3675";"";"";"";"0"
"2007";"Grandes régions urbaines";"";"Logements (achèvements)";"Appartements et autres logements";"Unités";"300";"unités";"0";"v732802";"1.3.5";"3151";"";"";"";"0"
"2008";"Grandes régions urbaines";"";"Logements (achèvements)";"Appartements et autres logements";"Unités";"300";"unités";"0";"v732802";"1.3.5";"3393";"";"";"";"0"
"2009";"Grandes régions urbaines";"";"Logements (achèvements)";"Appartements et autres logements";"Unités";"300";"unités";"0";"v732802";"1.3.5";"2891";"";"";"";"0"
"2010";"Grandes régions urbaines";"";"Logements (achèvements)";"Appartements et autres logements";"Unités";"300";"unités";"0";"v732802";"1.3.5";"2971";"";"";"";"0"
"2011";"Grandes régions urbaines";"";"Logements (achèvements)";"Appartements et autres logements";"Unités";"300";"unités";"0";"v732802";"1.3.5";"3273";"";"";"";"0"
"2012";"Grandes régions urbaines";"";"Logements (achèvements)";"Appartements et autres logements";"Unités";"300";"unités";"0";"v732802";"1.3.5";"2596";"";"";"";"0"
"2013";"Grandes régions urbaines";"";"Logements (achèvements)";"Appartements et autres logements";"Unités";"300";"unités";"0";"v732802";"1.3.5";"2831";"";"";"";"0"
"2014";"Grandes régions urbaines";"";"Logements (achèvements)";"Appartements et autres logements";"Unités";"300";"unités";"0";"v732802";"1.3.5";"2916";"";"";"";"0"
"2015";"Grandes régions urbaines";"";"Logements (achèvements)";"Appartements et autres logements";"Unités";"300";"unités";"0";"v732802";"1.3.5";"2666";"";"";"";"0"
"2016";"Grandes régions urbaines";"";"Logements (achèvements)";"Appartements et autres logements";"Unités";"300";"unités";"0";"v732802";"1.3.5";"2962";"";"";"";"0"
"2017";"Grandes régions urbaines";"";"Logements (achèvements)";"Appartements et autres logements";"Unités";"300";"unités";"0";"v732802";"1.3.5";"2286";"";"";"";"0"
"2018";"Grandes régions urbaines";"";"Logements (achèvements)";"Appartements et autres logements";"Unités";"300";"unités";"0";"v732802";"1.3.5";"2825";"";"";"";"0"
"2019";"Grandes régions urbaines";"";"Logements (achèvements)";"Appartements et autres logements";"Unités";"300";"unités";"0";"v732802";"1.3.5";"4545";"";"";"";"0"
"2020";"Grandes régions urbaines";"";"Logements (achèvements)";"Appartements et autres logements";"Unités";"300";"unités";"0";"v732802";"1.3.5";"4875";"";"";"";"0"
"2021";"Grandes régions urbaines";"";"Logements (achèvements)";"Appartements et autres logements";"Unités";"300";"unités";"0";"v732802";"1.3.5";"4736";"";"";"";"0"
"2022";"Grandes régions urbaines";"";"Logements (achèvements)";"Appartements et autres logements";"Unités";"300";"unités";"0";"v732802";"1.3.5";"5823";"";"";"";"0"


